1216114309zpf,https://github.com/1216114309zpf/apue
1216114309zpf,https://github.com/1216114309zpf/collection
1216114309zpf,https://github.com/1216114309zpf/DistributedSystem
1216114309zpf,https://github.com/1216114309zpf/GraduationThesis
1216114309zpf,https://github.com/1216114309zpf/leetcode
1216114309zpf,https://github.com/1216114309zpf/MIT6858
1216114309zpf,https://github.com/1216114309zpf/protostar
1216114309zpf,https://github.com/1216114309zpf/remotego
1216114309zpf,https://github.com/1216114309zpf/Test_NUMA
XiaoZeng97,https://github.com/XiaoZeng97/DataMining-Project
XiaoZeng97,https://github.com/XiaoZeng97/RMFL
hawnzug,https://github.com/hawnzug/blog
hawnzug,https://github.com/hawnzug/cs383
hawnzug,https://github.com/hawnzug/dependent
hawnzug,https://github.com/hawnzug/dot-emacs
hawnzug,https://github.com/hawnzug/dotfiles
hawnzug,https://github.com/hawnzug/gmachine
hawnzug,https://github.com/hawnzug/hawnzug.github.io
hawnzug,https://github.com/hawnzug/IFLat
hawnzug,https://github.com/hawnzug/katalog
hawnzug,https://github.com/hawnzug/mal
hawnzug,https://github.com/hawnzug/mips-compiler
hawnzug,https://github.com/hawnzug/simple-type-infer
hawnzug,https://github.com/hawnzug/smart
hawnzug,https://github.com/hawnzug/wunderist
Wjerry5,https://github.com/Wjerry5/SJTU-CS410
RuWang15,https://github.com/RuWang15/caffe_pr
RuWang15,https://github.com/RuWang15/thompson-sampling
DiamondI,https://github.com/DiamondI/Android
DiamondI,https://github.com/DiamondI/chmw-Go
DiamondI,https://github.com/DiamondI/Concurrent_and_Distributed_Programming
DiamondI,https://github.com/DiamondI/Countdown
DiamondI,https://github.com/DiamondI/count_down
DiamondI,https://github.com/DiamondI/DiamondI.github.io
DiamondI,https://github.com/DiamondI/Fun4C7F
DiamondI,https://github.com/DiamondI/image
DiamondI,https://github.com/DiamondI/JD_mosit_rate_detect_system
DiamondI,https://github.com/DiamondI/LeetCode
SongRb,https://github.com/SongRb/CatchCrazyCat
SongRb,https://github.com/SongRb/DeepDiveChineseApps
SongRb,https://github.com/SongRb/Game2048
SongRb,https://github.com/SongRb/OneNotePageSearcher
SongRb,https://github.com/SongRb/OnlineJudge
SongRb,https://github.com/SongRb/SongRb.github.io
SongRb,https://github.com/SongRb/WECModel
SongRb,https://github.com/SongRb/Word2Vec
SongRb,https://github.com/SongRb/ZhihuDataAnalysis
tianyuecao,https://github.com/tianyuecao/Cuda-Learning
tianyuecao,https://github.com/tianyuecao/DataMining-Project
tianyuecao,https://github.com/tianyuecao/KITTI2VOC
tianyuecao,https://github.com/tianyuecao/LeetCode
tianyuecao,https://github.com/tianyuecao/tianyuecao.github.io
Huanghongru,https://github.com/Huanghongru/cmach_crawler
Huanghongru,https://github.com/Huanghongru/cmach_crawler_Farfetch
Huanghongru,https://github.com/Huanghongru/cmach_sketch-rnn-decoder
Huanghongru,https://github.com/Huanghongru/Codeep
Huanghongru,https://github.com/Huanghongru/cs224n_homework
Huanghongru,https://github.com/Huanghongru/EE359-Course-Project
Huanghongru,https://github.com/Huanghongru/EE447-Course-Project
Huanghongru,https://github.com/Huanghongru/Huanghongru.github.io
Huanghongru,https://github.com/Huanghongru/Kaggle
Huanghongru,https://github.com/Huanghongru/ml_AndrewNg_codingHW
Huanghongru,https://github.com/Huanghongru/OS_project
Huanghongru,https://github.com/Huanghongru/pytorch-learing
Huanghongru,https://github.com/Huanghongru/RTE-GAN
Huanghongru,https://github.com/Huanghongru/SGEMM-Implementation-and-Optimization
Huanghongru,https://github.com/Huanghongru/sketch_rnn_mix
